IST,Max TemperatureF,Mean TemperatureF,Min TemperatureF,Max Dew PointF,MeanDew PointF,Min DewpointF,Max Humidity, Mean Humidity, Min Humidity, Max Sea Level PressureIn, Mean Sea Level PressureIn, Min Sea Level PressureIn, Max VisibilityMiles, Mean VisibilityMiles, Min VisibilityMiles, Max Wind SpeedMPH, Mean Wind SpeedMPH, Max Gust SpeedMPH,PrecipitationIn, CloudCover, Events, WindDirDegrees
2014-1-1,64,55,44,54,51,45,100,89,63,30.18,30.13,30.09,1,1,0,9,4,,0.00,4,Fog,277
2014-1-2,62,50,39,46,43,39,100,82,45,30.18,30.10,30.06,2,1,0,12,6,,0.00,,Fog,262
2014-1-3,64,52,39,46,41,36,93,69,39,30.12,30.05,30.01,2,1,0,9,4,,0.00,3,Fog,263
2014-1-4,66,57,48,52,49,45,94,79,46,30.06,30.00,29.95,1,0,0,9,2,,0.00,2,Fog,95
2014-1-5,60,53,46,59,51,46,100,94,82,30.04,29.95,29.89,0,0,0,7,1,,0.00,,Fog,265
2014-1-6,60,52,44,54,47,45,100,92,68,30.09,30.02,29.95,1,0,0,8,5,,0.00,,Fog,263
2014-1-7,64,53,42,46,42,37,100,74,39,30.09,30.04,30.01,2,1,0,9,3,,0.00,1,Fog,254
2014-1-8,68,52,37,48,42,36,100,78,30,30.09,30.04,30.01,2,1,0,7,1,,0.00,1,Fog,148
2014-1-9,64,55,46,52,48,41,100,85,42,30.09,30.02,29.95,1,0,0,7,3,,0.00,2,Fog,16
2014-1-10,64,48,33,52,46,34,100,83,49,30.06,30.01,29.95,2,1,0,7,2,,0.00,1,Fog,305
2014-1-11,64,52,41,50,46,41,100,80,49,30.15,30.06,30.01,2,1,0,13,6,,0.00,,Fog,281
2014-1-12,66,54,42,54,48,43,100,84,49,30.21,30.13,30.06,2,0,0,8,3,,0.00,3,Fog,267
2014-1-13,68,57,46,52,45,39,100,72,35,30.18,30.09,30.06,2,1,0,7,1,,0.00,3,Fog,294
2014-1-14,69,56,44,55,47,36,100,76,28,30.09,30.03,29.98,2,1,0,8,3,,0.00,3,Fog,282
2014-1-15,60,54,48,57,51,48,100,93,68,30.15,30.08,30.04,0,0,0,7,4,,0.00,,Fog,109
2014-1-16,59,54,48,57,52,48,100,96,82,30.15,30.09,30.04,1,0,0,7,3,,0.00,2,Fog,277
2014-1-17,55,52,48,55,52,48,100,98,94,30.12,30.05,29.98,1,1,0,12,3,,0.00,4,Fog,109
2014-1-18,59,55,51,55,53,50,100,95,77,30.24,30.05,29.92,2,1,0,8,4,,0.00,4,Fog,272
2014-1-19,68,59,50,57,52,48,100,85,56,30.30,30.22,30.15,3,1,0,9,4,,0.00,3,Fog,304
2014-1-20,68,57,46,59,51,45,100,90,43,30.21,30.14,30.09,3,1,0,8,5,,0.00,1,Fog,245
2014-1-21,57,55,53,57,54,52,100,96,88,30.24,30.11,30.06,2,1,0,14,7,,0.00,5,Fog-Rain-Thunderstorm,116
2014-1-22,62,58,55,63,58,55,100,99,94,30.15,30.09,30.04,2,1,0,10,5,,0.00,6,Fog-Rain,122
2014-1-23,64,60,55,61,58,55,100,95,83,30.18,30.13,30.06,1,1,0,9,5,,0.00,5,Fog,328
2014-1-24,62,56,50,59,54,50,100,97,82,30.15,30.08,30.06,2,1,0,10,5,,0.00,3,Fog,274
2014-1-25,57,54,50,57,52,50,100,100,100,30.18,30.09,30.04,1,0,0,9,6,,0.00,5,Fog,270
2014-1-26,68,58,48,57,52,48,100,92,68,30.15,30.08,30.04,2,0,0,9,5,,0.00,,Fog,269
2014-1-27,71,58,46,57,52,46,100,84,53,30.15,30.08,30.04,2,1,0,14,3,,0.00,1,Fog,271
2014-1-28,73,60,46,55,51,34,100,80,46,30.09,30.03,29.95,2,1,0,13,6,,0.00,1,Fog,261
2014-1-29,73,62,51,59,54,52,100,83,47,30.09,30.05,30.01,1,1,0,12,3,,0.00,2,Fog,113
2014-1-30,68,60,51,64,56,52,100,97,83,30.15,30.08,30.04,1,0,0,7,3,,0.00,,Fog,312
2014-1-31,62,56,50,61,54,50,100,98,82,30.15,30.09,30.06,1,0,0,8,2,,0.00,1,Fog,284
2014-2-1,68,60,51,55,52,46,100,86,46,30.15,30.09,30.06,1,1,0,6,4,,0.00,3,Fog,141
2014-2-2,71,60,48,59,52,48,100,81,43,30.09,30.04,29.98,2,1,0,8,3,,0.00,1,Fog,316
2014-2-3,78,61,44,61,54,45,100,78,39,30.01,29.94,29.86,2,1,0,7,2,,0.00,3,Fog,209
2014-2-4,75,65,55,61,57,54,100,78,47,29.92,29.87,29.83,2,1,0,10,3,,0.00,3,Fog,292
2014-2-5,75,64,53,59,53,43,100,78,33,29.95,29.88,29.83,2,1,0,6,3,,0.00,3,Fog-Rain,289
2014-2-6,75,64,53,59,55,50,94,73,41,29.95,29.87,29.80,2,1,1,10,3,,0.00,4,,101
2014-2-7,77,68,60,63,57,54,88,72,47,29.86,29.80,29.74,3,2,1,17,9,21,0.00,3,,192
2014-2-8,62,56,50,59,56,50,100,93,88,29.92,29.86,29.83,2,1,0,12,8,,0.00,3,Fog,294
2014-2-9,66,54,42,50,43,36,100,73,32,29.92,29.87,29.83,3,2,0,15,6,,0.00,,Fog,285
2014-2-10,64,54,44,46,41,37,93,64,40,29.95,29.88,29.83,4,2,1,12,2,,0.00,4,Fog,274
2014-2-11,69,56,44,45,42,37,87,62,31,29.98,29.91,29.86,3,1,1,12,3,,0.00,1,Fog,319
2014-2-12,68,56,44,46,44,43,93,67,40,29.98,29.92,29.89,2,1,0,13,4,,0.00,,Fog,294
2014-2-13,71,56,41,50,45,37,100,70,33,29.98,29.91,29.86,2,1,0,12,3,,0.00,3,Fog-Rain,133
2014-2-14,57,54,51,55,53,50,100,93,77,29.95,29.89,29.80,2,1,1,12,6,,0.00,7,Rain-Thunderstorm,79
2014-2-15,62,56,50,54,51,48,100,89,59,29.95,29.88,29.80,2,1,0,7,3,,0.00,3,Fog,299
2014-2-16,66,54,42,54,50,43,100,87,56,30.04,29.97,29.89,2,1,0,13,5,,0.00,1,Fog,299
2014-2-17,69,56,44,55,48,45,100,78,43,30.09,30.04,30.01,2,1,0,14,7,23,0.00,,Fog,276
2014-2-18,71,58,46,50,45,41,100,71,33,30.09,30.04,30.01,3,1,0,14,7,,0.00,1,Fog,278
2014-2-19,71,58,46,55,46,39,100,69,31,30.09,30.02,29.98,2,1,0,8,2,,0.00,3,Fog,117
2014-2-20,75,63,51,54,51,45,94,70,34,30.04,29.96,29.92,2,1,0,8,4,,0.00,,Fog,121
2014-2-21,75,63,51,55,51,45,100,71,34,30.01,29.95,29.89,2,1,0,12,5,,0.00,4,Fog,134
2014-2-22,68,62,55,59,56,54,94,86,68,30.09,30.03,29.98,1,1,1,8,6,,0.00,2,,149
2014-2-23,69,61,53,59,55,52,100,87,56,30.15,30.09,30.04,2,1,0,10,4,,0.00,1,Fog,288
2014-2-24,69,58,48,54,50,46,100,79,43,30.15,30.09,30.04,3,1,0,9,3,,0.00,2,Fog,273
2014-2-25,75,62,50,57,50,43,100,68,33,30.12,30.04,29.98,2,1,0,8,2,,0.00,2,Fog,267
2014-2-26,77,67,57,57,51,43,94,66,29,30.06,29.98,29.89,2,1,0,9,2,,0.00,2,Fog-Rain,89
2014-2-27,75,66,57,59,56,54,100,74,53,30.01,29.93,29.86,2,2,1,12,5,,0.00,2,,91
2014-2-28,68,62,55,63,55,54,94,84,60,29.98,29.92,29.86,2,2,1,10,5,,0.00,4,Rain,74
2014-3-1,66,60,55,61,57,54,100,89,64,30.04,29.97,29.89,2,1,1,9,3,,0.00,5,,291
2014-3-2,69,60,51,55,54,52,100,82,56,30.12,30.03,29.98,2,1,0,9,3,,0.00,1,Fog,286
2014-3-3,75,62,50,55,50,45,100,70,34,30.06,30.02,29.98,3,1,0,8,3,,0.00,,Fog,293
2014-3-4,77,66,55,57,52,43,94,64,29,30.09,30.02,29.98,2,2,0,10,2,,0.00,1,Fog,308
2014-3-5,77,67,57,57,52,46,88,66,34,30.06,30.01,29.95,2,2,1,12,2,,0.00,3,Thunderstorm,301
2014-3-6,77,65,53,55,51,45,94,67,32,30.09,30.02,29.98,4,2,0,12,4,,0.00,1,Fog,302
2014-3-7,77,64,51,57,49,41,100,64,28,30.09,30.03,29.98,2,1,0,12,4,21,0.00,,Fog,280
2014-3-8,78,66,53,55,51,46,94,58,32,30.12,30.05,30.01,3,2,1,14,6,,0.00,,Fog,293
2014-3-9,82,68,55,59,54,48,100,63,32,30.06,29.99,29.92,3,2,0,15,3,21,0.00,3,Fog-Rain-Thunderstorm,273
2014-3-10,73,68,62,59,53,48,83,60,46,30.06,29.95,29.89,3,3,2,21,8,,0.00,5,Rain-Thunderstorm,100
2014-3-11,77,68,60,59,56,52,88,67,41,30.01,29.93,29.86,3,3,2,21,12,29,0.00,4,Rain-Thunderstorm,97
2014-3-12,78,68,57,63,56,50,94,68,36,30.09,30.02,29.95,3,2,1,12,6,,0.00,3,,320
2014-3-13,77,65,53,55,51,45,94,60,36,30.06,30.02,29.98,3,2,0,13,9,,0.00,1,Fog,299
2014-3-14,78,66,53,55,50,46,94,59,32,30.06,29.98,29.92,3,2,0,9,5,,0.00,,Fog,281
2014-3-15,84,68,53,57,52,45,94,57,25,30.09,30.01,29.95,3,2,0,8,3,,0.00,1,Fog,288
2014-3-16,87,72,57,57,54,48,94,55,29,30.06,30.01,29.95,3,2,0,14,3,17,0.00,,Fog,268
2014-3-17,91,75,59,63,56,48,100,56,23,29.98,29.91,29.83,3,2,0,12,4,,0.00,2,Fog,174
2014-3-18,84,76,68,63,57,46,78,53,27,29.98,29.93,29.83,2,2,2,12,8,21,0.00,3,Thunderstorm,315
2014-3-19,80,70,59,64,52,43,100,58,26,29.98,29.94,29.92,3,2,0,17,8,,0.00,,Fog,285
2014-3-20,80,68,57,55,51,45,88,52,30,29.95,29.87,29.83,3,2,1,12,6,,0.00,2,,288
2014-3-21,87,73,59,57,53,46,94,51,24,29.86,29.77,29.68,2,2,1,12,5,,0.00,4,,129
2014-3-22,87,76,64,61,57,54,78,54,31,29.80,29.75,29.71,3,2,1,9,6,,0.00,2,,114
2014-3-23,78,71,64,64,58,50,88,63,41,29.92,29.85,29.77,3,2,1,16,5,,0.00,6,,72
2014-3-24,82,74,66,68,60,52,94,69,42,30.01,29.90,29.83,3,2,1,15,8,,0.00,5,Rain-Thunderstorm,77
2014-3-25,87,74,62,64,58,50,100,57,27,29.95,29.87,29.80,3,2,1,7,4,,0.00,3,,101
2014-3-26,87,78,69,61,56,48,73,51,27,29.92,29.87,29.83,2,2,1,9,3,,0.00,3,,30
2014-3-27,84,76,68,68,58,48,88,57,30,29.98,29.90,29.83,3,2,0,9,6,,0.00,4,Thunderstorm,339
2014-3-28,89,78,68,70,60,54,88,65,31,29.95,29.89,29.83,2,2,1,12,3,,0.00,4,Rain-Thunderstorm,2
2014-3-29,87,76,66,68,60,54,94,58,31,29.95,29.88,29.83,3,2,0,12,6,,0.00,4,Fog-Thunderstorm,328
2014-3-30,86,74,62,61,53,41,88,51,20,29.92,29.86,29.83,3,2,0,16,9,21,0.00,4,Fog,306
2014-3-31,87,73,59,55,49,41,82,45,20,29.86,29.80,29.74,3,2,1,18,9,,0.00,2,,298
2014-4-1,91,76,60,57,50,41,77,43,18,29.80,29.76,29.71,4,2,0,14,6,17,0.00,,Fog,295
2014-4-2,95,82,68,57,51,43,60,40,18,29.77,29.72,29.65,3,2,1,12,4,,0.00,3,Rain-Thunderstorm,90
2014-4-3,87,74,62,63,52,45,83,46,22,29.92,29.86,29.80,2,2,0,14,7,,0.00,2,Fog,302
2014-4-4,91,76,62,59,53,48,83,44,23,29.92,29.86,29.83,3,2,0,15,8,21,0.00,1,Fog,293
2014-4-5,93,78,64,61,55,52,77,45,24,29.89,29.83,29.80,3,2,1,14,7,,0.00,,,307
2014-4-6,98,83,68,61,54,39,73,40,13,29.86,29.78,29.71,2,2,1,10,4,,0.00,3,,228
2014-4-7,89,80,71,63,57,54,64,45,31,29.89,29.84,29.80,2,2,2,15,10,21,0.00,3,,13
2014-4-8,87,76,64,63,51,43,77,42,21,29.92,29.87,29.80,4,2,1,13,9,,0.00,,,307
2014-4-9,91,78,64,57,46,36,73,34,15,29.92,29.86,29.83,3,3,1,13,8,21,0.00,,,307
2014-4-10,91,78,64,50,40,34,59,27,13,29.95,29.88,29.83,3,2,1,14,7,,0.00,1,,306
2014-4-11,96,79,62,46,41,34,55,25,12,29.89,29.83,29.77,3,2,1,15,6,21,0.00,,,302
2014-4-12,100,84,68,52,46,39,56,29,12,29.86,29.78,29.71,3,2,1,7,4,,0.00,2,,355
2014-4-13,89,84,77,54,49,46,42,31,24,29.89,29.83,29.74,2,2,1,17,9,29,0.00,4,Thunderstorm,78
2014-4-14,91,82,73,54,51,46,50,34,21,29.95,29.88,29.83,2,2,1,13,6,,0.00,4,Thunderstorm,55
2014-4-15,96,84,73,59,52,46,61,35,18,29.92,29.85,29.80,2,2,1,8,3,,0.00,2,,43
2014-4-16,95,84,73,61,54,46,65,40,19,29.95,29.81,29.74,3,2,1,12,3,,0.00,3,Rain-Thunderstorm,9
2014-4-17,91,83,75,54,52,50,44,35,26,29.83,29.76,29.71,2,2,1,16,6,22,0.00,2,,78
2014-4-18,84,75,66,61,58,54,83,52,42,29.98,29.88,29.77,4,2,1,13,9,23,0.00,4,Rain-Thunderstorm,97
2014-4-19,91,80,68,61,56,52,78,49,26,29.95,29.89,29.83,2,2,1,9,5,,0.00,3,,77
2014-4-20,95,82,69,59,50,39,64,35,14,29.95,29.88,29.83,2,2,1,9,3,,0.00,2,,351
2014-4-21,98,84,69,54,44,39,47,27,13,29.92,29.86,29.83,2,2,1,16,3,18,0.00,2,,291
2014-4-22,100,88,75,50,45,39,39,25,13,29.98,29.92,29.86,3,2,1,13,7,21,0.00,3,,320
2014-4-23,98,86,73,50,47,45,44,27,16,29.92,29.85,29.77,2,2,1,12,7,17,0.00,3,,285
2014-4-24,100,88,75,54,46,39,44,26,13,29.83,29.76,29.68,2,1,1,14,3,21,0.00,,,288
2014-4-25,102,88,75,52,48,45,44,25,15,29.86,29.76,29.71,2,2,1,13,3,18,0.00,1,,306
2014-4-26,102,90,78,55,49,43,39,25,13,29.83,29.75,29.71,3,2,1,14,5,,0.00,3,Thunderstorm,298
2014-4-27,104,90,75,55,46,36,50,26,11,29.86,29.78,29.74,3,2,1,14,4,,0.00,3,,290
2014-4-28,105,87,69,48,41,36,46,20,9,29.83,29.75,29.68,2,2,1,14,6,25,0.00,,,299
2014-4-29,105,90,75,52,43,37,39,20,10,29.77,29.70,29.62,2,1,1,14,4,21,0.00,,,290
2014-4-30,111,96,80,50,41,34,34,18,8,29.77,29.70,29.62,3,2,1,12,3,,0.00,,,281
2014-5-1,109,94,80,48,42,32,30,18,7,29.74,29.65,29.56,3,2,1,12,3,,0.00,3,,291
2014-5-2,107,94,80,50,42,36,30,18,8,29.68,29.63,29.56,2,2,1,12,5,21,0.00,4,Thunderstorm,278
2014-5-3,98,89,80,57,52,46,42,29,19,29.77,29.70,29.62,2,2,2,14,8,23,0.00,5,,131
2014-5-4,102,91,80,55,51,45,42,26,14,29.74,29.66,29.56,2,2,1,8,5,17,0.00,2,,200
2014-5-5,96,86,77,72,56,50,78,34,20,29.80,29.72,29.68,2,2,2,12,6,17,0.00,4,,134
2014-5-6,93,86,78,70,66,59,70,53,32,29.86,29.79,29.71,3,2,2,13,8,,0.00,4,,93
2014-5-7,100,89,78,66,61,54,65,40,21,29.80,29.72,29.65,3,2,1,8,4,,0.00,2,,189
2014-5-8,104,90,77,70,59,43,69,41,12,29.74,29.67,29.56,3,2,1,122,6,23,0.00,2,Rain-Thunderstorm,284
2014-5-9,100,86,73,61,52,39,65,33,12,29.65,29.61,29.56,3,2,1,13,6,,0.00,2,,277
2014-5-10,102,90,78,61,53,45,51,31,15,29.65,29.58,29.50,2,2,1,17,3,29,0.00,5,Rain-Thunderstorm,309
2014-5-11,95,85,75,61,57,54,61,40,26,29.77,29.69,29.62,2,2,1,17,7,,0.00,4,Thunderstorm,350
2014-5-12,93,85,77,68,61,54,74,50,28,29.77,29.72,29.65,2,2,2,14,6,22,0.00,4,,298
2014-5-13,84,74,64,68,65,59,100,69,48,29.89,29.78,29.68,2,2,1,23,8,,0.00,4,Rain-Thunderstorm,14
2014-5-14,89,78,68,68,63,57,100,58,35,29.83,29.77,29.71,3,2,1,12,9,24,0.00,4,Rain-Thunderstorm,302
2014-5-15,95,84,73,68,61,55,83,49,26,29.77,29.71,29.65,2,2,1,14,7,,0.00,2,,278
2014-5-16,96,86,77,68,61,55,74,45,25,29.71,29.68,29.65,3,2,1,13,8,,0.00,1,,291
2014-5-17,98,88,77,66,61,54,65,44,23,29.86,29.77,29.68,3,2,1,21,4,29,0.00,2,,321
2014-5-18,102,88,75,70,59,52,78,40,18,29.86,29.79,29.74,2,2,1,12,5,21,0.00,2,,295
2014-5-19,100,89,78,64,54,45,54,32,15,29.86,29.79,29.74,3,2,1,14,9,25,0.00,,,307
2014-5-20,102,90,78,61,52,45,51,28,14,29.80,29.73,29.65,3,2,1,12,8,21,0.00,1,,308
2014-5-21,100,90,80,57,52,46,45,27,17,29.74,29.67,29.62,3,2,1,15,8,21,0.00,1,,295
2014-5-22,107,92,78,55,50,43,44,25,11,29.65,29.58,29.53,2,2,1,15,7,23,0.00,,,297
2014-5-23,111,99,86,63,53,46,38,24,12,29.65,29.56,29.47,2,2,1,14,7,25,0.00,3,Thunderstorm,219
2014-5-24,104,90,77,63,57,52,61,35,17,29.74,29.69,29.62,3,3,2,14,9,23,0.00,4,Rain-Thunderstorm,135
2014-5-25,102,88,73,70,59,52,88,40,20,29.80,29.73,29.65,3,2,2,17,5,30,0.00,2,Rain-Thunderstorm,180
2014-5-26,96,84,73,68,63,59,78,50,28,29.86,29.79,29.74,3,3,2,12,7,23,0.00,3,Rain-Thunderstorm,101
2014-5-27,102,91,80,70,62,54,66,40,20,29.80,29.73,29.65,2,2,2,9,4,,0.00,1,,107
2014-5-28,107,94,82,66,57,43,54,31,12,29.71,29.64,29.56,3,2,1,12,5,17,0.00,,,237
2014-5-29,111,98,86,68,58,45,46,30,11,29.65,29.58,29.53,2,2,1,12,2,,0.00,1,,18
2014-5-30,113,100,86,70,60,54,52,31,17,29.62,29.56,29.47,2,1,1,23,7,34,0.00,2,Thunderstorm,220
2014-5-31,107,96,84,66,60,50,48,34,15,29.62,29.57,29.50,2,1,1,12,6,21,0.00,3,,305
2014-6-1,98,88,77,70,62,55,78,41,25,29.74,29.67,29.59,3,2,2,14,9,25,0.00,6,Rain-Thunderstorm,353
2014-6-2,104,91,78,61,57,50,54,31,21,29.77,29.69,29.62,2,2,1,10,4,,0.00,1,,304
2014-6-3,107,94,80,70,57,48,62,30,14,29.65,29.60,29.53,2,2,1,14,7,21,0.00,1,,281
2014-6-4,109,96,82,61,55,50,48,26,14,29.62,29.55,29.50,3,2,1,14,3,,0.00,1,,301
2014-6-5,113,98,84,63,53,45,48,24,10,29.56,29.50,29.44,2,2,1,12,4,21,0.00,1,,303
2014-6-6,113,100,87,59,52,45,35,21,10,29.53,29.46,29.42,2,2,1,12,5,23,0.00,1,,279
2014-6-7,113,101,89,59,53,45,32,21,11,29.50,29.43,29.36,2,2,1,14,7,25,0.00,1,,289
2014-6-8,114,100,87,54,49,45,31,17,10,29.47,29.41,29.36,2,2,2,14,6,29,0.00,2,,277
2014-6-9,113,100,87,59,52,41,38,20,9,29.47,29.40,29.33,2,2,1,9,4,21,0.00,2,,292
2014-6-10,113,100,86,57,47,39,30,17,9,29.50,29.44,29.39,2,2,1,14,5,25,0.00,1,,275
2014-6-11,113,100,86,54,49,45,27,19,12,29.56,29.48,29.42,2,2,1,16,7,25,0.00,1,,282
2014-6-12,109,93,77,72,61,52,83,38,21,29.65,29.51,29.47,2,2,1,23,8,34,0.00,6,Rain-Thunderstorm,244
2014-6-13,100,86,73,72,65,57,94,53,33,29.62,29.52,29.44,3,2,1,18,11,25,0.00,4,Rain,276
2014-6-14,96,88,80,79,73,63,84,62,48,29.56,29.50,29.44,2,2,1,14,7,23,0.00,5,Rain-Thunderstorm,154
2014-6-15,105,96,86,79,74,68,74,57,30,29.56,29.50,29.44,2,2,1,15,6,25,0.00,5,,215
2014-6-16,111,98,86,77,71,66,62,42,24,29.53,29.48,29.42,2,2,1,14,7,28,0.00,2,,264
2014-6-17,109,99,89,73,67,63,55,36,23,29.50,29.43,29.36,2,2,2,14,8,25,0.00,3,,258
2014-6-18,109,96,84,79,74,68,84,54,27,29.47,29.43,29.33,2,2,1,15,9,25,0.00,3,Thunderstorm,102
2014-6-19,107,94,82,75,71,64,79,50,25,29.47,29.41,29.33,3,2,2,15,9,21,0.00,4,Thunderstorm,256
2014-6-20,109,98,87,73,68,64,62,38,23,29.42,29.36,29.30,2,2,2,18,8,28,0.00,2,,267
2014-6-21,104,98,91,70,68,64,49,38,29,29.47,29.39,28.59,2,2,1,14,8,25,0.00,4,,281
2014-6-22,104,96,87,70,65,59,55,38,23,29.53,29.48,29.42,3,2,2,13,6,,0.00,2,,310
2014-6-23,104,93,82,70,64,55,62,40,20,29.56,29.49,29.44,2,2,1,16,6,30,0.00,3,,310
2014-6-24,104,93,82,66,64,57,58,40,23,29.50,29.44,29.39,3,2,2,14,6,21,0.00,3,,282
2014-6-25,98,89,80,70,65,59,70,44,27,29.56,29.50,29.42,4,2,2,12,6,,0.00,4,,255
2014-6-26,100,92,84,72,68,63,66,48,29,29.65,29.60,29.53,2,2,2,12,4,,0.00,3,,298
2014-6-27,105,96,86,73,69,64,66,45,26,29.71,29.64,29.56,3,2,1,15,4,,0.00,3,,272
2014-6-28,105,94,84,72,70,66,62,47,30,29.65,29.61,29.50,4,2,2,10,7,,0.00,3,Thunderstorm,284
2014-6-29,102,91,80,75,70,68,84,48,33,29.56,29.53,29.44,3,2,2,21,8,32,0.00,3,Rain-Thunderstorm,282
2014-6-30,100,90,80,79,75,70,79,63,37,29.56,29.52,29.47,2,2,1,9,6,,0.00,5,Thunderstorm,78
2014-7-1,95,90,84,75,75,73,70,62,53,29.65,29.59,29.53,2,2,2,14,8,,0.00,3,,102
2014-7-2,98,88,78,77,74,72,89,69,44,29.68,29.61,29.56,3,3,2,10,7,21,0.00,5,Rain-Thunderstorm,123
2014-7-3,87,84,80,79,76,70,94,81,66,29.59,29.54,29.47,3,2,1,12,5,,0.00,5,Rain,258
2014-7-4,96,88,80,79,76,73,89,68,49,29.53,29.50,29.44,2,2,1,9,4,,0.00,3,Rain,264
2014-7-5,102,94,86,81,74,68,84,57,35,29.59,29.55,29.50,2,2,1,14,5,,0.00,4,,301
2014-7-6,100,91,82,73,72,68,74,61,37,29.62,29.59,29.56,2,2,2,16,3,21,0.00,4,,232
2014-7-7,102,91,80,77,72,66,89,56,35,29.59,29.55,29.47,3,2,1,12,4,21,0.00,3,,287
2014-7-8,104,95,86,72,67,63,62,43,26,29.56,29.50,29.44,3,2,2,13,5,23,0.00,2,,273
2014-7-9,105,96,86,68,66,63,51,37,27,29.53,29.48,29.42,2,2,2,12,5,25,0.00,2,,278
2014-7-10,105,96,87,73,67,61,58,38,24,29.56,29.51,29.44,3,3,2,15,7,23,0.00,2,,297
2014-7-11,105,96,87,75,66,57,62,37,20,29.56,29.49,29.42,3,2,2,12,5,21,0.00,2,,305
2014-7-12,105,97,89,81,71,61,71,45,24,29.53,29.47,29.39,3,3,2,12,7,,0.00,2,,110
2014-7-13,102,91,80,79,77,72,79,66,42,29.56,29.52,29.50,3,2,1,9,7,,0.00,4,Rain,117
2014-7-14,95,88,82,81,78,77,84,72,59,29.59,29.52,29.44,2,2,1,10,5,,0.00,4,,125
2014-7-15,98,91,84,82,79,75,94,69,47,29.50,29.46,29.39,2,2,1,13,8,23,0.00,4,,119
2014-7-16,95,88,82,79,77,75,84,69,53,29.56,29.50,29.44,2,2,2,13,10,21,0.00,4,,104
2014-7-17,96,87,78,79,77,75,100,72,50,29.53,29.47,29.39,3,2,0,13,8,,0.00,6,Rain-Thunderstorm,109
2014-7-18,86,82,78,81,79,75,100,91,74,29.47,29.43,29.39,2,1,0,12,6,,0.00,6,Fog-Rain-Thunderstorm,51
2014-7-19,91,84,78,79,76,73,100,77,55,29.47,29.44,29.39,2,2,1,12,4,23,0.00,5,,319
2014-7-20,93,86,80,79,76,73,89,72,52,29.53,29.48,29.44,3,2,1,12,5,,0.00,5,,1
2014-7-21,96,88,80,81,76,73,94,68,47,29.53,29.48,29.42,3,3,2,9,3,,0.00,5,,50
2014-7-22,93,90,86,81,79,75,84,72,56,29.53,29.49,29.44,2,2,2,9,5,17,0.00,4,,107
2014-7-23,89,86,84,81,77,73,84,73,59,29.56,29.50,29.47,3,2,2,14,8,21,0.00,5,,104
2014-7-24,89,86,82,79,75,72,89,70,55,29.59,29.53,29.50,3,2,2,12,9,21,0.00,5,,112
2014-7-25,91,86,80,77,73,72,84,65,52,29.65,29.60,29.56,3,2,2,13,8,,0.00,5,,113
2014-7-26,96,89,82,81,77,73,84,68,50,29.68,29.64,29.59,3,2,1,12,8,,0.00,4,,104
2014-7-27,96,89,82,79,77,73,84,72,49,29.71,29.64,29.56,2,2,2,12,7,21,0.00,4,Rain-Thunderstorm,114
2014-7-28,89,84,80,81,78,75,100,79,66,29.62,29.56,29.50,2,2,1,13,5,21,0.00,5,Rain-Thunderstorm,134
2014-7-29,95,86,78,81,78,75,100,83,53,29.59,29.56,29.50,3,2,1,10,5,,0.00,6,Thunderstorm,130
2014-7-30,95,88,80,81,79,77,94,79,56,29.62,29.57,29.50,3,2,1,10,5,,0.00,5,,120
2014-7-31,95,88,82,81,79,77,89,76,56,29.62,29.58,29.50,2,2,1,12,5,,0.00,5,,120
2014-8-1,96,90,84,81,78,75,84,69,50,29.59,29.54,29.44,3,2,2,9,7,,0.00,4,,118
2014-8-2,93,88,82,82,79,73,94,79,67,29.53,29.50,29.44,3,2,1,9,4,21,0.00,5,Rain,158
2014-8-3,95,88,80,81,77,75,94,75,56,29.50,29.45,29.39,3,2,1,10,4,,0.00,5,,267
2014-8-4,95,88,82,79,77,75,89,74,56,29.53,29.46,29.42,3,2,1,14,6,,0.00,4,Rain,257
2014-8-5,89,84,80,81,79,77,94,83,70,29.56,29.50,29.47,2,2,1,8,3,,0.00,6,,266
2014-8-6,95,88,82,82,78,75,100,74,53,29.56,29.50,29.44,3,2,1,10,4,,0.00,5,,107
2014-8-7,91,86,82,77,76,75,84,71,59,29.53,29.49,29.44,3,3,2,14,8,,0.00,4,,102
2014-8-8,89,86,82,79,77,75,84,75,66,29.56,29.52,29.47,3,2,2,12,6,,0.00,6,,92
2014-8-9,95,88,82,79,77,77,84,74,56,29.62,29.58,29.53,2,2,2,89,7,,0.00,5,,108
2014-8-10,87,82,78,82,80,79,100,90,84,29.65,29.60,29.56,2,1,1,9,4,18,0.00,6,Rain-Thunderstorm,265
2014-8-11,98,89,80,81,78,75,94,76,50,29.65,29.58,29.53,2,2,1,9,2,,0.00,5,Rain,60
2014-8-12,96,90,82,82,78,72,89,71,56,29.59,29.55,29.47,4,2,2,12,5,,0.00,5,Rain-Thunderstorm,278
2014-8-13,98,89,80,77,76,73,84,67,47,29.59,29.54,29.47,3,3,2,15,8,23,0.00,4,,263
2014-8-14,95,88,82,77,75,72,84,65,49,29.56,29.51,29.47,4,3,2,15,10,23,0.00,2,,254
2014-8-15,93,88,82,75,73,70,74,62,52,29.62,29.55,29.50,3,2,2,17,10,,0.00,3,,238
2014-8-16,91,86,80,75,72,70,79,63,49,29.71,29.64,29.59,3,3,2,9,5,,0.00,4,,243
2014-8-17,95,86,78,73,70,64,78,59,36,29.71,29.67,29.62,2,2,2,12,6,,0.00,2,,271
2014-8-18,98,89,80,75,73,72,79,59,42,29.77,29.73,29.68,2,2,2,13,6,,0.00,3,,291
2014-8-19,98,90,82,75,73,70,79,56,39,29.80,29.74,29.65,3,2,2,14,4,,0.00,3,,295
2014-8-20,98,90,82,73,71,66,74,52,35,29.74,29.67,29.62,3,2,2,14,6,21,0.00,2,,272
2014-8-21,100,92,84,70,67,63,62,46,32,29.68,29.62,29.56,3,2,2,14,7,21,0.00,1,,265
2014-8-22,104,92,80,73,68,64,65,47,29,29.68,29.64,29.59,3,3,2,10,4,18,0.00,1,,294
2014-8-23,102,92,82,73,70,64,74,50,31,29.74,29.68,29.62,3,3,2,13,6,,0.00,1,,295
2014-8-24,102,91,80,73,69,63,79,50,29,29.74,29.67,29.62,3,3,2,14,7,,0.00,1,,288
2014-8-25,104,94,84,73,70,64,70,49,27,29.74,29.67,29.59,3,3,2,13,6,,0.00,2,,283
2014-8-26,104,95,86,73,70,66,66,48,31,29.71,29.64,29.56,4,3,2,127,8,,0.00,2,,270
2014-8-27,100,91,82,72,69,66,62,47,35,29.68,29.62,29.53,3,3,2,14,7,,0.00,2,,290
2014-8-28,96,86,77,77,73,70,83,68,41,29.74,29.68,29.62,3,2,2,10,5,23,0.00,4,Rain-Thunderstorm,313
2014-8-29,93,86,80,79,75,72,84,70,52,29.74,29.69,29.62,2,2,1,9,4,,0.00,5,Thunderstorm,30
2014-8-30,93,84,75,79,76,72,89,82,59,29.74,29.66,29.59,2,2,1,10,4,,0.00,5,Rain-Thunderstorm,5
2014-8-31,91,84,77,81,76,73,100,86,66,29.68,29.61,29.56,2,1,0,14,3,,0.00,5,Rain-Thunderstorm,30
2014-9-1,93,86,78,79,74,70,94,69,49,29.65,29.60,29.53,3,2,1,14,9,23,0.00,4,Thunderstorm,99
2014-9-2,91,86,80,75,73,72,84,70,55,29.68,29.62,29.56,3,2,2,12,9,23,0.00,5,,87
2014-9-3,87,82,78,77,75,73,94,79,66,29.65,29.62,29.56,3,2,1,16,10,23,0.00,5,Rain-Thunderstorm,110
2014-9-4,89,84,78,79,77,73,94,87,66,29.65,29.59,29.53,3,2,1,16,8,,0.00,6,Rain-Thunderstorm,116
2014-9-5,82,80,78,81,77,75,94,92,84,29.62,29.56,29.50,2,2,1,21,11,,0.00,6,Rain-Thunderstorm,128
2014-9-6,89,83,77,79,76,73,94,82,62,29.71,29.64,29.59,2,2,1,7,3,,0.00,4,,10
2014-9-7,96,88,80,81,77,75,100,72,50,29.74,29.68,29.62,2,2,1,34,2,,0.00,3,,2
2014-9-8,95,88,82,79,77,73,89,72,52,29.74,29.69,29.62,3,2,2,10,4,,0.00,3,,106
2014-9-9,93,86,80,79,77,73,94,74,55,29.68,29.64,29.59,3,2,1,7,4,,0.00,3,,102
2014-9-10,93,86,78,79,76,75,89,80,59,29.71,29.66,29.62,2,2,1,12,5,21,0.00,4,Rain,140
2014-9-11,84,80,77,79,76,72,100,86,66,29.77,29.72,29.68,2,1,1,10,3,,0.00,5,Rain,98
2014-9-12,93,84,75,77,75,72,100,78,49,29.80,29.74,29.68,3,1,1,7,2,,0.00,4,,258
2014-9-13,91,83,75,75,73,70,100,73,49,29.74,29.69,29.62,3,2,1,9,5,,0.00,3,,293
2014-9-14,93,85,75,77,73,68,84,69,52,29.74,29.70,29.62,3,3,2,13,4,,0.00,3,Thunderstorm,287
2014-9-15,95,84,73,75,72,70,100,70,49,29.77,29.71,29.65,3,3,2,12,7,,0.00,2,,293
2014-9-16,93,86,80,77,75,72,89,70,49,29.71,29.66,29.59,3,2,2,12,4,,0.00,2,,301
2014-9-17,95,86,78,77,73,70,89,65,47,29.68,29.64,29.59,3,3,2,12,4,,0.00,1,,293
2014-9-18,95,88,80,73,72,70,79,62,46,29.74,29.68,29.65,3,2,2,13,5,,0.00,1,,288
2014-9-19,95,86,78,77,72,66,89,61,39,29.77,29.70,29.62,4,3,2,10,4,,0.00,1,,287
2014-9-20,96,88,80,75,70,63,84,59,34,29.71,29.66,29.59,3,2,2,9,3,,0.00,2,,274
2014-9-21,95,86,77,75,69,63,89,57,34,29.71,29.68,29.62,3,2,1,13,5,,0.00,1,,294
2014-9-22,96,86,77,73,69,66,74,57,37,29.77,29.71,29.68,3,2,2,14,6,23,0.00,,,284
2014-9-23,98,86,75,72,65,57,74,50,30,29.74,29.71,29.65,3,3,2,14,7,23,0.00,,,285
2014-9-24,95,86,77,68,66,63,69,52,34,29.80,29.75,29.71,3,2,2,15,6,21,0.00,,,290
2014-9-25,96,86,75,72,66,59,78,55,28,29.86,29.79,29.74,4,3,2,12,5,,0.00,2,,297
2014-9-26,96,86,77,72,66,59,83,52,30,29.89,29.82,29.77,3,2,2,14,4,,0.00,2,,292
2014-9-27,96,86,77,68,65,61,69,49,30,29.89,29.84,29.80,3,3,2,12,7,,0.00,2,,288
2014-9-28,96,86,77,70,65,59,74,50,30,29.92,29.86,29.80,3,3,2,14,6,,0.00,1,,293
2014-9-29,95,86,77,70,65,61,78,50,32,29.92,29.85,29.77,3,3,2,10,4,,0.00,1,,289
2014-9-30,98,88,78,68,64,59,69,47,27,29.92,29.84,29.80,3,3,2,12,3,,0.00,2,,300
2014-10-1,98,88,77,72,65,59,83,51,27,29.95,29.88,29.80,3,2,2,12,5,,0.00,2,,224
2014-10-2,95,86,78,68,66,61,65,50,32,29.95,29.86,29.80,3,3,2,9,3,,0.00,2,,315
2014-10-3,100,88,77,72,66,55,83,53,24,29.89,29.81,29.74,3,2,1,9,3,,0.00,1,,350
2014-10-4,98,88,78,72,63,55,78,47,24,29.92,29.83,29.77,2,2,1,9,4,,0.00,2,,96
2014-10-5,100,88,75,73,65,57,89,51,24,29.95,29.87,29.80,3,2,1,9,4,,0.00,,,346
2014-10-6,98,88,77,72,66,59,78,48,27,29.95,29.88,29.83,3,2,1,6,2,,0.00,,,68
2014-10-7,96,86,77,72,68,64,78,56,36,29.89,29.83,29.74,2,2,1,8,4,,0.00,3,,118
2014-10-8,93,86,73,73,67,63,79,57,38,29.95,29.85,29.80,2,2,2,9,6,,0.00,2,,84
2014-10-9,95,83,71,64,61,57,73,50,28,29.95,29.87,29.80,3,2,2,12,5,,0.00,4,,313
2014-10-10,93,81,69,64,61,55,83,52,28,29.89,29.84,29.77,3,2,1,14,5,,0.00,,,304
2014-10-11,91,80,69,64,60,54,78,50,28,29.86,29.81,29.77,3,2,1,9,2,,0.00,,,317
2014-10-12,93,80,68,63,56,45,83,46,20,29.89,29.83,29.80,2,2,1,7,1,,0.00,,,33
2014-10-13,89,79,69,70,63,59,78,55,40,29.92,29.85,29.80,3,2,2,12,7,,0.00,4,,107
2014-10-14,82,78,73,68,65,63,78,65,51,29.95,29.87,29.80,4,3,2,14,8,,0.00,4,,54
2014-10-15,86,77,68,68,64,55,88,67,37,30.04,29.98,29.92,3,2,1,10,4,,0.00,3,,205
2014-10-16,86,76,66,66,57,50,88,57,29,30.04,29.97,29.92,2,2,1,9,3,,0.00,2,,327
2014-10-17,87,74,62,61,55,48,94,52,27,30.04,29.96,29.92,2,2,1,8,2,,0.00,1,,307
2014-10-18,87,76,64,59,55,50,78,53,29,30.01,29.94,29.89,2,1,1,8,2,,0.00,1,,316
2014-10-19,87,74,62,59,56,46,88,57,24,29.98,29.92,29.89,3,1,1,10,2,,0.00,,,295
2014-10-20,89,76,62,64,57,52,88,57,27,30.01,29.94,29.89,2,1,1,10,3,,0.00,,,290
2014-10-21,93,80,66,63,59,54,88,56,28,30.04,29.98,29.92,2,1,1,9,2,,0.00,,Fog,304
2014-10-22,91,80,68,64,60,55,83,53,29,30.06,29.99,29.92,2,1,1,7,2,,0.00,,,61
2014-10-23,89,78,68,66,63,55,88,62,33,30.01,29.94,29.86,2,1,0,7,3,,0.00,,Fog,88
2014-10-24,89,80,71,66,63,59,78,61,36,29.98,29.91,29.86,2,1,0,7,3,,0.00,,Fog,94
2014-10-25,89,79,69,64,63,61,83,61,38,29.98,29.91,29.86,1,1,1,5,1,,0.00,2,,82
2014-10-26,89,79,69,64,61,59,78,57,38,30.06,29.99,29.95,2,2,1,9,4,,0.00,1,,116
2014-10-27,89,78,68,66,60,52,88,60,29,30.04,29.97,29.92,2,1,1,34,2,,0.00,,,201
2014-10-28,89,79,69,64,58,54,69,49,29,29.95,29.91,29.86,2,1,1,8,2,,0.00,1,,55
2014-10-29,89,79,69,70,62,54,94,62,33,29.98,29.92,29.86,2,1,0,10,3,,0.00,3,Fog,290
2014-10-30,87,78,68,64,59,50,83,58,27,29.98,29.92,29.86,1,1,1,8,2,,0.00,3,,318
2014-10-31,86,75,64,61,56,52,88,56,31,30.01,29.95,29.92,1,1,1,8,2,,0.00,3,Fog,304
2014-11-1,82,73,64,55,53,45,73,53,26,30.04,29.97,29.92,2,1,0,10,5,,0.00,3,,285
2014-11-2,87,73,59,55,51,43,82,50,21,30.04,29.97,29.92,2,1,0,12,5,,0.00,,Fog,278
2014-11-3,86,73,60,57,54,52,82,51,31,30.04,29.96,29.89,2,1,1,10,2,,0.00,1,,292
2014-11-4,87,76,64,59,55,52,78,52,29,29.98,29.92,29.86,2,1,0,9,5,,0.00,,Fog,295
2014-11-5,86,75,64,63,58,54,83,61,35,30.01,29.93,29.89,2,1,0,13,3,,0.00,,Fog,290
2014-11-6,87,74,62,63,56,52,82,58,31,29.98,29.90,29.86,2,1,0,15,7,,0.00,,Fog,278
2014-11-7,87,76,64,61,60,57,88,61,35,29.98,29.92,29.86,2,1,0,7,3,,0.00,,Fog,288
2014-11-8,89,78,66,63,59,54,88,57,29,30.04,29.98,29.95,2,1,1,12,3,,0.00,,,2
2014-11-9,87,76,66,63,59,54,83,57,33,30.06,30.01,29.98,2,1,0,9,5,,0.00,,Fog,298
2014-11-10,86,74,62,55,51,45,77,48,23,30.04,29.97,29.92,2,1,0,10,5,,0.00,,Fog,297
2014-11-11,80,68,57,50,47,41,77,49,24,30.04,29.97,29.92,2,1,0,9,2,,0.00,,Fog,290
2014-11-12,78,66,53,50,47,45,77,53,30,30.06,30.00,29.98,1,1,0,9,2,,0.00,,,284
2014-11-13,80,66,53,50,46,41,77,54,24,30.09,30.02,29.98,2,1,0,12,3,,0.00,,Fog,286
2014-11-14,80,65,50,46,42,36,82,50,20,30.09,30.03,29.95,2,1,1,13,3,,0.00,1,,270
2014-11-15,80,66,53,46,41,36,67,46,20,30.04,29.98,29.92,2,1,1,12,4,,0.00,1,,277
2014-11-16,80,65,50,46,42,37,82,48,21,30.06,29.98,29.92,2,1,1,13,2,,0.00,,,291
2014-11-17,80,66,51,46,42,37,67,46,21,30.06,30.00,29.95,2,1,1,12,2,,0.00,,,297
2014-11-18,80,65,50,46,43,37,82,50,24,30.12,30.04,29.98,2,1,1,7,2,,0.00,,,282
2014-11-19,82,68,53,50,45,37,88,55,20,30.09,30.03,29.98,2,1,0,6,1,,0.00,,Fog,285
2014-11-20,80,65,50,48,44,41,82,51,24,30.06,29.98,29.92,1,1,0,9,2,,0.00,1,Fog,284
2014-11-21,78,66,55,50,45,39,82,55,24,30.04,29.96,29.92,2,1,0,8,1,,0.00,,Fog,292
2014-11-22,82,65,48,48,45,39,87,54,23,30.01,29.93,29.86,2,1,0,7,2,,0.00,,Fog,313
2014-11-23,82,66,51,46,41,34,82,44,17,30.01,29.96,29.92,2,1,0,9,2,,0.00,,Fog,309
2014-11-24,77,62,48,46,43,37,82,50,24,30.06,30.00,29.95,2,1,1,10,3,,0.00,0,,273
2014-11-25,78,64,51,45,41,36,71,49,21,30.09,30.00,29.95,2,1,1,10,2,,0.00,,,281
2014-11-26,80,65,50,45,41,37,67,46,24,29.95,29.89,29.83,2,1,1,14,5,,0.00,,,267
2014-11-27,82,66,51,48,44,37,82,51,20,29.95,29.88,29.83,2,1,1,6,2,,0.00,,,125
2014-11-28,84,70,55,50,47,43,72,47,23,29.98,29.91,29.86,1,1,0,7,5,,0.00,3,,99
2014-11-29,84,72,60,57,52,48,82,53,29,29.98,29.91,29.86,1,1,0,6,2,,0.00,1,Fog,62
2014-11-30,84,72,59,57,49,37,88,57,19,30.01,29.95,29.92,2,1,0,9,2,,0.00,3,Fog,300
2014-12-1,84,68,53,46,43,34,77,45,17,30.01,29.96,29.92,2,2,1,14,4,23,0.00,,,285
2014-12-2,80,66,53,46,44,41,77,49,24,30.01,29.96,29.92,2,2,1,14,7,21,0.00,1,,270
2014-12-3,80,66,53,50,47,45,82,54,28,30.01,29.95,29.89,2,2,1,13,5,21,0.00,1,,262
2014-12-4,80,66,51,50,47,43,88,56,26,30.06,29.99,29.95,2,1,1,10,4,,0.00,1,,273
2014-12-5,80,66,51,48,46,39,88,57,24,30.12,30.04,30.01,2,1,1,8,1,,0.00,1,,307
2014-12-6,78,64,51,48,45,39,88,56,24,30.09,30.03,29.98,2,1,1,12,4,,0.00,,Fog,265
2014-12-7,80,65,50,46,42,34,82,53,18,30.04,29.98,29.95,2,2,1,12,4,,0.00,1,,268
2014-12-8,78,64,50,45,42,37,82,52,23,30.04,29.98,29.92,2,2,1,9,2,,0.00,1,,293
2014-12-9,80,65,50,48,45,37,82,54,23,30.06,30.01,29.98,2,1,1,6,1,,0.00,,,228
2014-12-10,75,62,48,50,41,23,100,58,14,30.12,30.04,29.98,3,1,0,15,2,18,0.00,,Fog,317
2014-12-11,71,58,46,41,37,30,76,50,22,30.12,30.05,29.98,2,1,1,9,2,,0.00,3,,262
2014-12-12,69,56,44,45,40,37,81,58,31,30.12,30.03,29.98,1,1,0,5,1,,0.00,2,,275
2014-12-13,68,62,55,59,48,41,94,65,40,30.06,30.00,29.92,1,1,1,16,6,21,0.00,5,,115
2014-12-14,59,57,55,59,57,54,100,95,88,30.06,30.01,29.95,2,1,1,13,9,,0.00,6,Rain-Thunderstorm,123
2014-12-15,64,58,53,55,52,50,100,82,59,30.12,30.08,30.04,2,1,1,9,6,,0.00,5,,336
2014-12-16,64,55,46,57,51,46,100,91,64,30.21,30.14,30.09,2,1,0,9,3,,0.00,1,Fog,259
2014-12-17,64,55,46,54,50,46,100,91,59,30.18,30.12,30.06,2,1,0,10,5,,0.00,1,Fog,261
2014-12-18,59,50,42,54,48,43,100,94,77,30.18,30.13,30.09,1,0,0,8,3,,0.00,1,Fog,271
2014-12-19,57,52,46,55,49,45,100,95,82,30.24,30.17,30.12,1,0,0,7,1,,0.00,4,Fog,277
2014-12-20,60,53,46,52,48,46,100,91,63,30.18,30.10,30.01,2,1,0,10,5,,0.00,2,Fog,292
2014-12-21,60,52,44,50,46,43,100,91,63,30.12,30.04,30.01,1,0,0,7,3,,0.00,1,Fog,33
2014-12-22,60,51,42,55,47,43,100,96,68,30.09,30.02,29.98,1,0,0,7,3,,0.00,1,Fog,117
2014-12-23,60,51,42,52,45,43,100,89,63,30.09,30.03,29.98,1,0,0,10,6,,0.00,,Fog,122
2014-12-24,53,47,41,48,46,41,100,97,82,30.18,30.10,30.04,0,0,0,8,3,,0.00,,Fog,268
2014-12-25,55,48,42,50,45,43,100,93,63,30.18,30.10,30.06,1,0,0,8,6,,0.00,,Fog,284
2014-12-26,60,51,42,57,48,43,100,96,77,30.12,30.05,30.01,1,0,0,12,7,,0.00,,Fog,283
2014-12-27,64,53,42,48,44,41,100,83,45,30.12,30.04,29.98,1,0,0,8,1,,0.00,,Fog,309
2014-12-28,62,48,35,54,44,36,100,92,63,30.15,30.09,30.06,1,0,0,7,1,,0.00,,Fog,309
2014-12-29,66,54,42,52,46,39,100,87,40,30.12,30.04,29.98,2,1,0,7,1,,0.00,,Fog,274
2014-12-30,64,50,37,59,46,37,100,91,56,30.04,29.96,29.89,1,0,0,7,2,,0.00,,Fog,286
2014-12-31,62,55,48,52,48,45,100,82,55,30.09,30.01,29.92,2,1,0,12,6,,0.00,3,Fog,116